chord,chord_root,chord_triad,chord_addition,chord_duration
G,G,None,None,0.557278912
G,G,None,None,3.8545124709999996
Eb,Eb,None,None,11.517097505999999
Gm,G,m,None,3.7151927439999994
Eb,Eb,None,None,3.993832199
C,C,None,None,3.7616326529999995
Gm,G,m,None,3.3901133790000024
Eb,Eb,None,None,0.6037188209999975
Gm,G,m,None,3.6687528339999993
Eb,Eb,None,None,3.9938322
C,C,None,None,3.8545124709999996
G,G,None,None,1.4860770980000026
Gm,G,m,None,1.5325170070000027
G,G,None,None,9.009342402999998
