chord,chord_root,chord_triad,chord_addition,chord_duration
Em7b5,E,m7b,5,2.925714286
Gm7b5,G,m7b,5,7.3375056690000005
Ebm,Eb,m,None,10.681179138000001
F#,F#,None,None,0.7894784579999978
Ebm,Eb,m,None,1.7182766439999995
F#,F#,None,None,4.3189115650000005
Ebm,Eb,m,None,1.7647165529999995
C#6,C#,None,6,15.139410431000002
Cm7b5,C,m7b,5,0.5572789109999974
Ebm,Eb,m,None,5.665668934999999
F#,F#,None,None,0.7894784580000049
Ebm,Eb,m,None,1.6253968249999957
