chord,chord_root,chord_triad,chord_addition,chord_duration
Bb,Bb,None,None,2.461315193
Cm,C,m,None,3.529433106
Fm6,F,m,6,5.712108843999999
Cm,C,m,None,1.2074376420000004
Fm6,F,m,6,5.108390022
Bb,Bb,None,None,1.5789569159999992
Cm,C,m,None,3.4829931980000026
Fm,F,m,None,3.390113377999999
Cm,C,m,None,4.365351474000001
Ebm,Eb,m,None,2.600634921000001
F,F,None,None,13.606893423999999
