chord,chord_root,chord_triad,chord_addition,chord_duration
Dm7b5,D,m7b,5,0.046439909
G7,G,None,7,5.340589569
Cm,C,m,None,5.8514285720000005
Fm,F,m,None,2.7399546479999994
Cmaj7,C,maj,7,2.2755555560000005
Fm,F,m,None,11.145578230999998
G7,G,None,7,3.3436734700000024
Am7,A,m,7,4.411791383000001
F,F,None,None,4.597551019999997
G7,G,None,7,8.684263039000001
F,F,None,None,4.597551019999997
Am7b5,A,m7b,5,3.2972335600000022
F,F,None,None,1.160997733000002
