chord,chord_root,chord_triad,chord_addition,chord_duration
F#,F#,None,None,0.046439909
Abm7b5,Ab,m7b,5,15.139410431
F#m,F#,m,None,2.507755101999999
F#,F#,None,None,3.7616326529999995
F#m7,F#,m,7,9.93814059
F#7,F#,None,7,3.157913832000002
F#m7,F#,m,7,5.619229025000003
F#,F#,None,None,5.479909296999999
F#m7,F#,m,7,5.712108843999999
A7,A,None,7,5.758548751999996
