chord,chord_root,chord_triad,chord_addition,chord_duration
Gm7,G,m,7,0.046439909
F#maj7,F#,maj,7,34.829931973
Gm,G,m,None,0.5108390019999973
Cm,C,m,None,6.269387755000004
F#maj7,F#,maj,7,0.4179591839999972
Eb,Eb,None,None,0.6501587300000011
Gm,G,m,None,0.4179591839999972
F#,F#,None,None,6.733786848000001
Eb6,Eb,None,6,0.2786394560000005
Gm,G,m,None,0.46439909299999726
Gmaj7,G,maj,7,6.222947846000004
Cm,C,m,None,0.7894784579999978
Gm,G,m,None,0.46439909300000437
