chord,chord_root,chord_triad,chord_addition,chord_duration
G7,G,None,7,0.046439909
Gm,G,m,None,16.114648526
G7,G,None,7,3.8545124719999997
G,G,None,None,6.455147392000001
Gm,G,m,None,16.486167801
G,G,None,None,1.9504761899999963
Bb6,Bb,None,6,13.792653061000003
A7,A,None,7,0.510839003000001
