chord,chord_root,chord_triad,chord_addition,chord_duration
Fm,F,m,None,0.046439909
Ab6,Ab,None,6,4.179591837
Abmaj7,Ab,maj,7,4.226031746
Fm7,F,m,7,2.089795918
Fm,F,m,None,3.7151927439999994
Ab6,Ab,None,6,1.6718367349999994
Abmaj7,Ab,maj,7,3.8080725619999996
Fm7,F,m,7,2.043356009
Ab6,Ab,None,6,5.201269842000002
Fm,F,m,None,9.566621314999999
Ab6,Ab,None,6,1.9504761899999963
